data,loja,regiao,produto,categoria,quantidade,preco_unitario
2024-01-02,Loja Shopping,Sudeste,Fone de Ouvido,Acessórios,7.0,147.93
2024-01-03,Loja Shopping,Sudeste,Webcam,Acessórios,2.0,213.57
2024-01-04,Loja Nordeste,Nordeste,Fone de Ouvido,Acessórios,8.0,157.67
2024-01-08,Loja Sul,Sul,Smartphone,Eletrônicos,6.0,1690.38
2024-01-08,Loja Shopping,Sudeste,Webcam,Acessórios,4.0,195.56
2024-01-09,Loja Shopping,Sudeste,Cadeira Gamer,Móveis,3.0,829.72
2024-01-09,Loja Shopping,Sudeste,Tablet,Eletrônicos,9.0,1406.54
2024-01-09,Loja Nordeste,Nordeste,Cadeira Gamer,Móveis,2.0,780.77
2024-01-12,Loja Sul,Sul,Fone de Ouvido,Acessórios,1.0,147.74
2024-01-12,Loja Nordeste,Nordeste,Cadeira Gamer,Móveis,7.0,927.98
2024-01-13,Loja Nordeste,Nordeste,Webcam,Acessórios,10.0,209.95
2024-01-14,Loja Nordeste,Nordeste,Smartphone,Eletrônicos,2.0,1823.43
2024-01-14,Loja Shopping,Sudeste,Mesa de Escritório,Móveis,7.0,556.56
2024-01-16,Loja Norte,Norte,Smartphone,Eletrônicos,2.0,1954.68
2024-01-17,Loja Centro,Sudeste,Webcam,Acessórios,7.0,213.51
2024-01-17,Loja Sul,Sul,Cadeira Gamer,Móveis,6.0,855.93
2024-01-17,Loja Sul,Sul,Notebook,Eletrônicos,3.0,3311.83
2024-01-22,Loja Centro,Sudeste,Monitor,Eletrônicos,8.0,970.75
2024-01-24,Loja Sul,Sul,Mouse,Acessórios,6.0,72.06
2024-01-24,Loja Norte,Norte,Fone de Ouvido,Acessórios,8.0,160.98
2024-01-25,Loja Norte,Norte,Webcam,Acessórios,2.0,180.79
2024-01-25,Loja Centro,Sudeste,Webcam,Acessórios,9.0,208.23
2024-01-28,Loja Centro,Sudeste,Tablet,Eletrônicos,6.0,1356.97
2024-01-29,Loja Sul,Sul,Cadeira Gamer,Móveis,10.0,850.13
2024-01-30,Loja Centro,Sudeste,Cadeira Gamer,Móveis,3.0,
2024-01-31,Loja Shopping,Sudeste,Teclado,Acessórios,2.0,122.14
2024-01-31,Loja Sul,Sul,Notebook,Eletrônicos,7.0,3049.48
2024-02-01,Loja Centro,Sudeste,Monitor,Eletrônicos,2.0,975.93
2024-02-02,Loja Shopping,Sudeste,Monitor,Eletrônicos,3.0,844.61
2024-02-02,Loja Centro,Sudeste,Mouse,Acessórios,4.0,73.33
2024-02-02,Loja Sul,Sul,Webcam,Acessórios,4.0,182.48
2024-02-03,Loja Nordeste,Nordeste,Tablet,Eletrônicos,1.0,1502.68
2024-02-03,Loja Norte,Norte,Tablet,Eletrônicos,7.0,1557.04
2024-02-03,Loja Sul,Sul,Teclado,Acessórios,7.0,110.28
2024-02-04,Loja Shopping,Sudeste,Mouse,Acessórios,1.0,64.13
2024-02-04,Loja Shopping,Sudeste,Tablet,Eletrônicos,2.0,1488.33
2024-02-04,Loja Sul,Sul,Tablet,Eletrônicos,9.0,1458.23
2024-02-05,Loja Centro,Sudeste,Tablet,Eletrônicos,5.0,1579.4
2024-02-05,Loja Sul,Sul,Teclado,Acessórios,3.0,121.54
2024-02-07,Loja Shopping,Sudeste,Teclado,Acessórios,6.0,127.68
2024-02-08,Loja Sul,Sul,Webcam,Acessórios,4.0,195.78
2024-02-09,Loja Shopping,Sudeste,Mesa de Escritório,Móveis,6.0,595.89
2024-02-09,Loja Centro,Sudeste,Cadeira Gamer,Móveis,10.0,925.74
2024-02-11,Loja Nordeste,Nordeste,Mouse,Acessórios,6.0,75.39
2024-02-12,Loja Norte,Norte,Monitor,Eletrônicos,9.0,893.11
2024-02-13,Loja Shopping,Sudeste,Cadeira Gamer,Móveis,2.0,876.53
2024-02-13,Loja Centro,Sudeste,Mesa de Escritório,Móveis,1.0,609.48
2024-02-14,Loja Norte,Norte,Mouse,Acessórios,8.0,63.57
2024-02-16,Loja Centro,Sudeste,Mesa de Escritório,Móveis,6.0,641.52
2024-02-16,Loja Norte,Norte,Tablet,Eletrônicos,4.0,1350.32
2024-02-16,Loja Sul,Sul,Mouse,Acessórios,4.0,63.74
2024-02-17,Loja Norte,Norte,Cadeira Gamer,Móveis,8.0,924.11
2024-02-21,Loja Sul,Sul,Fone de Ouvido,Acessórios,3.0,162.83
2024-02-21,Loja Norte,Norte,Notebook,Eletrônicos,10.0,2987.33
2024-02-21,Loja Sul,Sul,Mesa de Escritório,Móveis,5.0,643.23
2024-02-21,Loja Sul,Sul,Notebook,Eletrônicos,2.0,3053.02
2024-02-21,Loja Sul,Sul,Monitor,Eletrônicos,4.0,952.33
2024-02-22,Loja Centro,Sudeste,Notebook,Eletrônicos,9.0,3425.52
2024-02-25,Loja Nordeste,Nordeste,Fone de Ouvido,Acessórios,4.0,138.57
2024-02-25,Loja Shopping,Sudeste,Webcam,Acessórios,6.0,200.82
2024-02-25,Loja Centro,Sudeste,Teclado,Acessórios,7.0,117.54
2024-02-26,Loja Centro,Sudeste,Monitor,Eletrônicos,9.0,846.45
2024-02-26,Loja Centro,Sudeste,Notebook,Eletrônicos,10.0,2908.87
2024-02-28,Loja Shopping,Sudeste,Smartphone,Eletrônicos,7.0,1760.94
2024-02-28,Loja Centro,Sudeste,Mouse,Acessórios,1.0,75.93
2024-02-29,Loja Shopping,Sudeste,Mesa de Escritório,Móveis,2.0,584.15
2024-03-01,Loja Shopping,Sudeste,Notebook,Eletrônicos,4.0,2955.78
2024-03-01,Loja Sul,Sul,Monitor,Eletrônicos,2.0,
2024-03-01,Loja Sul,Sul,Monitor,Eletrônicos,8.0,826.51
2024-03-02,Loja Sul,Sul,Teclado,Acessórios,5.0,120.93
2024-03-03,Loja Centro,Sudeste,Mouse,Acessórios,3.0,68.62
2024-03-05,Loja Sul,Sul,Fone de Ouvido,Acessórios,6.0,150.78
2024-03-05,Loja Sul,Sul,Mesa de Escritório,Móveis,10.0,547.14
2024-03-06,Loja Centro,Sudeste,Fone de Ouvido,Acessórios,1.0,137.99
2024-03-06,Loja Shopping,Sudeste,Mouse,Acessórios,5.0,74.72
2024-03-07,Loja Sul,Sul,Teclado,Acessórios,1.0,
2024-03-07,Loja Sul,Sul,Tablet,Eletrônicos,10.0,1647.54
2024-03-09,Loja Sul,Sul,Notebook,Eletrônicos,5.0,2953.81
2024-03-10,Loja Centro,Sudeste,Smartphone,Eletrônicos,6.0,1839.68
2024-03-12,Loja Norte,Norte,Mesa de Escritório,Móveis,10.0,649.89
2024-03-12,Loja Nordeste,Nordeste,Teclado,Acessórios,1.0,111.1
2024-03-14,Loja Centro,Sudeste,Fone de Ouvido,Acessórios,3.0,156.79
2024-03-14,Loja Centro,Sudeste,Teclado,Acessórios,2.0,116.07
2024-03-15,Loja Centro,Sudeste,Mesa de Escritório,Móveis,10.0,645.38
2024-03-15,Loja Centro,Sudeste,Cadeira Gamer,Móveis,9.0,874.87
2024-03-19,Loja Nordeste,Nordeste,Smartphone,Eletrônicos,8.0,1903.49
2024-03-22,Loja Sul,Sul,Fone de Ouvido,Acessórios,2.0,153.56
2024-03-24,Loja Shopping,Sudeste,Mesa de Escritório,Móveis,9.0,626.37
2024-03-24,Loja Shopping,Sudeste,Mesa de Escritório,Móveis,5.0,598.78
2024-03-25,Loja Shopping,Sudeste,Notebook,Eletrônicos,2.0,3442.41
2024-03-26,Loja Centro,Sudeste,Mesa de Escritório,Móveis,4.0,636.17
2024-03-27,Loja Nordeste,Nordeste,Mouse,Acessórios,4.0,68.22
2024-03-28,Loja Centro,Sudeste,Webcam,Acessórios,5.0,185.49
2024-03-28,Loja Nordeste,Nordeste,Fone de Ouvido,Acessórios,5.0,141.57
2024-03-29,Loja Shopping,Sudeste,Teclado,Acessórios,8.0,131.85
2024-03-30,Loja Shopping,Sudeste,Teclado,Acessórios,5.0,114.5
2024-03-30,Loja Shopping,Sudeste,Fone de Ouvido,Acessórios,4.0,136.16
2024-04-03,Loja Shopping,Sudeste,Monitor,Eletrônicos,2.0,919.3
2024-04-05,Loja Sul,Sul,Notebook,Eletrônicos,3.0,3365.06
2024-04-06,Loja Shopping,Sudeste,Cadeira Gamer,Móveis,8.0,837.93
2024-04-06,Loja Centro,Sudeste,Notebook,Eletrônicos,1.0,3046.52
2024-04-07,Loja Norte,Norte,Teclado,Acessórios,3.0,123.81
2024-04-07,Loja Nordeste,Nordeste,Smartphone,Eletrônicos,1.0,1637.81
2024-04-09,Loja Centro,Sudeste,Mesa de Escritório,Móveis,2.0,602.63
2024-04-10,Loja Shopping,Sudeste,Smartphone,Eletrônicos,4.0,1749.12
2024-04-11,Loja Centro,Sudeste,Fone de Ouvido,Acessórios,2.0,148.2
2024-04-11,Loja Sul,Sul,Smartphone,Eletrônicos,5.0,1919.56
2024-04-11,Loja Shopping,Sudeste,Monitor,Eletrônicos,4.0,837.71
2024-04-12,Loja Nordeste,Nordeste,Webcam,Acessórios,3.0,202.7
2024-04-12,Loja Shopping,Sudeste,Mouse,Acessórios,8.0,63.06
2024-04-12,Loja Centro,Sudeste,Mouse,Acessórios,9.0,75.31
2024-04-14,Loja Shopping,Sudeste,Teclado,Acessórios,8.0,125.35
2024-04-15,Loja Nordeste,Nordeste,Monitor,Eletrônicos,7.0,883.8
2024-04-16,Loja Norte,Norte,Fone de Ouvido,Acessórios,3.0,159.33
2024-04-17,Loja Norte,Norte,Tablet,Eletrônicos,,1396.06
2024-04-17,Loja Shopping,Sudeste,Webcam,Acessórios,1.0,218.84
2024-04-19,Loja Centro,Sudeste,Monitor,Eletrônicos,1.0,861.19
2024-04-19,Loja Nordeste,Nordeste,Notebook,Eletrônicos,9.0,3087.32
2024-04-20,Loja Shopping,Sudeste,Tablet,Eletrônicos,3.0,1529.22
2024-04-20,Loja Sul,Sul,Tablet,Eletrônicos,8.0,1546.06
2024-04-21,Loja Sul,Sul,Webcam,Acessórios,10.0,215.61
2024-04-21,Loja Norte,Norte,Tablet,Eletrônicos,8.0,1445.5
2024-04-22,Loja Sul,Sul,Mouse,Acessórios,3.0,65.47
2024-04-23,Loja Shopping,Sudeste,Tablet,Eletrônicos,9.0,
2024-04-23,Loja Norte,Norte,Mesa de Escritório,Móveis,3.0,587.67
2024-04-24,Loja Shopping,Sudeste,Fone de Ouvido,Acessórios,5.0,157.88
2024-04-25,Loja Centro,Sudeste,Cadeira Gamer,Móveis,5.0,788.74
2024-04-25,Loja Shopping,Sudeste,Webcam,Acessórios,1.0,182.1
2024-04-26,Loja Centro,Sudeste,Smartphone,Eletrônicos,6.0,1833.94
2024-04-27,Loja Sul,Sul,Mouse,Acessórios,6.0,74.52
2024-04-27,Loja Sul,Sul,Webcam,Acessórios,4.0,199.86
2024-04-29,Loja Centro,Sudeste,Notebook,Eletrônicos,4.0,3504.72
2024-04-30,Loja Shopping,Sudeste,Cadeira Gamer,Móveis,2.0,857.57
2024-04-30,Loja Centro,Sudeste,Fone de Ouvido,Acessórios,2.0,153.59
2024-05-01,Loja Shopping,Sudeste,Mouse,Acessórios,8.0,67.49
2024-05-02,Loja Shopping,Sudeste,Notebook,Eletrônicos,9.0,2941.96
2024-05-02,Loja Shopping,Sudeste,Tablet,Eletrônicos,1.0,1595.76
2024-05-04,Loja Shopping,Sudeste,Notebook,Eletrônicos,5.0,3065.01
2024-05-05,Loja Sul,Sul,Cadeira Gamer,Móveis,10.0,802.54
2024-05-06,Loja Nordeste,Nordeste,Mouse,Acessórios,8.0,76.7
2024-05-07,Loja Centro,Sudeste,Mesa de Escritório,Móveis,1.0,546.17
2024-05-09,Loja Norte,Norte,Teclado,Acessórios,6.0,123.91
2024-05-12,Loja Sul,Sul,Mesa de Escritório,Móveis,3.0,657.07
2024-05-13,Loja Sul,Sul,Monitor,Eletrônicos,6.0,848.62
2024-05-13,Loja Shopping,Sudeste,Notebook,Eletrônicos,1.0,3056.1
2024-05-14,Loja Shopping,Sudeste,Mouse,Acessórios,3.0,64.65
2024-05-14,Loja Shopping,Sudeste,Webcam,Acessórios,1.0,202.66
2024-05-14,Loja Shopping,Sudeste,Teclado,Acessórios,2.0,114.12
2024-05-15,Loja Shopping,Sudeste,Monitor,Eletrônicos,1.0,944.93
2024-05-15,Loja Sul,Sul,Notebook,Eletrônicos,5.0,3197.82
2024-05-15,Loja Centro,Sudeste,Mouse,Acessórios,7.0,72.6
2024-05-16,Loja Sul,Sul,Webcam,Acessórios,4.0,212.36
2024-05-19,Loja Sul,Sul,Smartphone,Eletrônicos,1.0,1848.32
2024-05-19,Loja Nordeste,Nordeste,Mouse,Acessórios,1.0,76.87
2024-05-21,Loja Centro,Sudeste,Notebook,Eletrônicos,4.0,3045.0
2024-05-27,Loja Centro,Sudeste,Smartphone,Eletrônicos,6.0,1961.11
2024-05-28,Loja Centro,Sudeste,Fone de Ouvido,Acessórios,7.0,140.04
2024-05-29,Loja Centro,Sudeste,Mouse,Acessórios,1.0,74.52
2024-05-29,Loja Norte,Norte,Monitor,Eletrônicos,1.0,957.82
2024-05-30,Loja Nordeste,Nordeste,Fone de Ouvido,Acessórios,6.0,144.61
2024-05-30,Loja Shopping,Sudeste,Mesa de Escritório,Móveis,7.0,588.6
2024-06-01,Loja Norte,Norte,Tablet,Eletrônicos,6.0,1411.62
2024-06-01,Loja Norte,Norte,Monitor,Eletrônicos,6.0,836.44
2024-06-02,Loja Centro,Sudeste,Tablet,Eletrônicos,5.0,1388.42
2024-06-07,Loja Centro,Sudeste,Cadeira Gamer,Móveis,2.0,872.49
2024-06-07,Loja Shopping,Sudeste,Cadeira Gamer,Móveis,4.0,836.86
2024-06-07,Loja Shopping,Sudeste,Fone de Ouvido,Acessórios,7.0,151.02
2024-06-08,Loja Sul,Sul,Fone de Ouvido,Acessórios,8.0,142.21
2024-06-08,Loja Nordeste,Nordeste,Teclado,Acessórios,3.0,124.13
2024-06-08,Loja Centro,Sudeste,Mesa de Escritório,Móveis,1.0,649.52
2024-06-08,Loja Nordeste,Nordeste,Cadeira Gamer,Móveis,5.0,816.65
2024-06-09,Loja Norte,Norte,Mesa de Escritório,Móveis,9.0,559.93
2024-06-09,Loja Centro,Sudeste,Mesa de Escritório,Móveis,4.0,558.28
2024-06-09,Loja Nordeste,Nordeste,Smartphone,Eletrônicos,,1858.84
2024-06-10,Loja Centro,Sudeste,Teclado,Acessórios,7.0,130.24
2024-06-11,Loja Centro,Sudeste,Fone de Ouvido,Acessórios,2.0,147.09
2024-06-12,Loja Centro,Sudeste,Webcam,Acessórios,2.0,207.07
2024-06-12,Loja Norte,Norte,Webcam,Acessórios,4.0,187.91
2024-06-12,Loja Norte,Norte,Cadeira Gamer,Móveis,2.0,793.96
2024-06-12,Loja Nordeste,Nordeste,Fone de Ouvido,Acessórios,3.0,159.69
2024-06-13,Loja Centro,Sudeste,Webcam,Acessórios,6.0,202.47
2024-06-13,Loja Shopping,Sudeste,Teclado,Acessórios,10.0,118.79
2024-06-13,Loja Nordeste,Nordeste,Mesa de Escritório,Móveis,5.0,586.24
2024-06-15,Loja Centro,Sudeste,Tablet,Eletrônicos,8.0,1413.68
2024-06-16,Loja Shopping,Sudeste,Webcam,Acessórios,8.0,217.32
2024-06-16,Loja Nordeste,Nordeste,Smartphone,Eletrônicos,2.0,1629.57
2024-06-17,Loja Centro,Sudeste,Webcam,Acessórios,2.0,218.54
2024-06-18,Loja Centro,Sudeste,Tablet,Eletrônicos,3.0,1483.18
2024-06-18,Loja Nordeste,Nordeste,Teclado,Acessórios,4.0,113.16
2024-06-18,Loja Centro,Sudeste,Tablet,Eletrônicos,2.0,1575.08
2024-06-19,Loja Shopping,Sudeste,Teclado,Acessórios,3.0,112.64
2024-06-19,Loja Centro,Sudeste,Mesa de Escritório,Móveis,6.0,556.64
2024-06-20,Loja Sul,Sul,Tablet,Eletrônicos,4.0,1414.3
2024-06-20,Loja Centro,Sudeste,Notebook,Eletrônicos,8.0,3136.04
2024-06-21,Loja Norte,Norte,Webcam,Acessórios,8.0,187.05
2024-06-21,Loja Centro,Sudeste,Teclado,Acessórios,3.0,131.97
2024-06-22,Loja Norte,Norte,Monitor,Eletrônicos,5.0,912.23
2024-06-23,Loja Shopping,Sudeste,Mesa de Escritório,Móveis,10.0,578.67
2024-06-25,Loja Shopping,Sudeste,Mouse,Acessórios,2.0,67.5
2024-06-27,Loja Centro,Sudeste,Notebook,Eletrônicos,3.0,3141.55
2024-06-28,Loja Shopping,Sudeste,Smartphone,Eletrônicos,9.0,1847.93
2024-06-29,Loja Centro,Sudeste,Mouse,Acessórios,5.0,66.0
2024-06-29,Loja Nordeste,Nordeste,Notebook,Eletrônicos,3.0,2948.74
2024-06-30,Loja Sul,Sul,Fone de Ouvido,Acessórios,5.0,159.86
2024-06-30,Loja Shopping,Sudeste,Mouse,Acessórios,,65.45
2024-07-01,Loja Sul,Sul,Mouse,Acessórios,1.0,64.2
2024-07-01,Loja Centro,Sudeste,Cadeira Gamer,Móveis,2.0,813.2
2024-07-02,Loja Sul,Sul,Monitor,Eletrônicos,7.0,847.51
2024-07-02,Loja Shopping,Sudeste,Cadeira Gamer,Móveis,3.0,916.72
2024-07-03,Loja Shopping,Sudeste,Smartphone,Eletrônicos,6.0,1777.07
2024-07-04,Loja Shopping,Sudeste,Tablet,Eletrônicos,7.0,1644.25
2024-07-06,Loja Centro,Sudeste,Monitor,Eletrônicos,8.0,932.06
2024-07-07,Loja Nordeste,Nordeste,Monitor,Eletrônicos,1.0,911.59
2024-07-08,Loja Sul,Sul,Teclado,Acessórios,8.0,120.53
2024-07-09,Loja Norte,Norte,Teclado,Acessórios,9.0,117.09
2024-07-11,Loja Sul,Sul,Cadeira Gamer,Móveis,8.0,877.19
2024-07-14,Loja Shopping,Sudeste,Fone de Ouvido,Acessórios,10.0,158.84
2024-07-17,Loja Norte,Norte,Smartphone,Eletrônicos,1.0,1782.38
2024-07-17,Loja Norte,Norte,Monitor,Eletrônicos,4.0,958.82
2024-07-18,Loja Norte,Norte,Smartphone,Eletrônicos,4.0,1885.86
2024-07-18,Loja Sul,Sul,Teclado,Acessórios,2.0,116.3
2024-07-19,Loja Centro,Sudeste,Fone de Ouvido,Acessórios,7.0,163.07
2024-07-19,Loja Sul,Sul,Fone de Ouvido,Acessórios,9.0,162.31
2024-07-19,Loja Sul,Sul,Notebook,Eletrônicos,1.0,3375.94
2024-07-21,Loja Norte,Norte,Mesa de Escritório,Móveis,9.0,648.85
2024-07-21,Loja Sul,Sul,Teclado,Acessórios,2.0,124.05
2024-07-21,Loja Centro,Sudeste,Mesa de Escritório,Móveis,10.0,601.98
2024-07-22,Loja Sul,Sul,Smartphone,Eletrônicos,7.0,1620.19
2024-07-22,Loja Centro,Sudeste,Mesa de Escritório,Móveis,9.0,614.36
2024-07-22,Loja Shopping,Sudeste,Tablet,Eletrônicos,10.0,1398.18
2024-07-23,Loja Nordeste,Nordeste,Webcam,Acessórios,9.0,209.11
2024-07-25,Loja Norte,Norte,Smartphone,Eletrônicos,8.0,1818.79
2024-07-25,Loja Sul,Sul,Teclado,Acessórios,8.0,131.99
2024-07-25,Loja Nordeste,Nordeste,Notebook,Eletrônicos,10.0,3284.61
2024-07-27,Loja Shopping,Sudeste,Fone de Ouvido,Acessórios,9.0,137.09
2024-07-28,Loja Centro,Sudeste,Notebook,Eletrônicos,5.0,3090.73
2024-07-29,Loja Norte,Norte,Cadeira Gamer,Móveis,5.0,875.96
2024-07-30,Loja Sul,Sul,Tablet,Eletrônicos,10.0,1492.83
2024-07-31,Loja Sul,Sul,Smartphone,Eletrônicos,5.0,1910.23
2024-08-01,Loja Centro,Sudeste,Monitor,Eletrônicos,1.0,867.67
2024-08-03,Loja Norte,Norte,Monitor,Eletrônicos,8.0,989.4
2024-08-04,Loja Shopping,Sudeste,Notebook,Eletrônicos,8.0,3195.95
2024-08-07,Loja Norte,Norte,Notebook,Eletrônicos,7.0,2918.29
2024-08-08,Loja Centro,Sudeste,Cadeira Gamer,Móveis,6.0,843.41
2024-08-10,Loja Norte,Norte,Tablet,Eletrônicos,4.0,1612.53
2024-08-12,Loja Centro,Sudeste,Mesa de Escritório,Móveis,1.0,599.84
2024-08-12,Loja Centro,Sudeste,Smartphone,Eletrônicos,9.0,1621.97
2024-08-15,Loja Sul,Sul,Notebook,Eletrônicos,9.0,3188.33
2024-08-17,Loja Norte,Norte,Tablet,Eletrônicos,6.0,1390.41
2024-08-18,Loja Norte,Norte,Mouse,Acessórios,4.0,76.69
2024-08-18,Loja Centro,Sudeste,Smartphone,Eletrônicos,8.0,1748.65
2024-08-18,Loja Centro,Sudeste,Monitor,Eletrônicos,9.0,880.73
2024-08-19,Loja Centro,Sudeste,Notebook,Eletrônicos,3.0,2960.52
2024-08-20,Loja Nordeste,Nordeste,Teclado,Acessórios,2.0,110.43
2024-08-20,Loja Shopping,Sudeste,Mouse,Acessórios,2.0,76.89
2024-08-21,Loja Sul,Sul,Monitor,Eletrônicos,4.0,964.9
2024-08-23,Loja Nordeste,Nordeste,Tablet,Eletrônicos,10.0,1440.74
2024-08-25,Loja Centro,Sudeste,Teclado,Acessórios,9.0,109.33
2024-08-27,Loja Shopping,Sudeste,Monitor,Eletrônicos,7.0,959.86
2024-08-27,Loja Shopping,Sudeste,Tablet,Eletrônicos,9.0,1388.71
2024-08-29,Loja Centro,Sudeste,Monitor,Eletrônicos,2.0,831.95
2024-08-29,Loja Centro,Sudeste,Tablet,Eletrônicos,6.0,1554.13
2024-08-30,Loja Sul,Sul,Mouse,Acessórios,10.0,76.26
2024-08-30,Loja Norte,Norte,Teclado,Acessórios,4.0,109.62
2024-08-30,Loja Centro,Sudeste,Teclado,Acessórios,10.0,112.97
2024-08-31,Loja Centro,Sudeste,Mouse,Acessórios,1.0,68.49
2024-08-31,Loja Norte,Norte,Fone de Ouvido,Acessórios,10.0,146.7
2024-08-31,Loja Centro,Sudeste,Notebook,Eletrônicos,5.0,3297.44
2024-09-01,Loja Shopping,Sudeste,Fone de Ouvido,Acessórios,8.0,138.36
2024-09-02,Loja Norte,Norte,Fone de Ouvido,Acessórios,2.0,147.95
2024-09-02,Loja Sul,Sul,Webcam,Acessórios,6.0,193.36
2024-09-03,Loja Sul,Sul,Fone de Ouvido,Acessórios,9.0,162.72
2024-09-05,Loja Nordeste,Nordeste,Tablet,Eletrônicos,4.0,1576.28
2024-09-05,Loja Shopping,Sudeste,Mouse,Acessórios,10.0,75.05
2024-09-06,Loja Norte,Norte,Webcam,Acessórios,3.0,208.06
2024-09-06,Loja Sul,Sul,Cadeira Gamer,Móveis,2.0,903.73
2024-09-07,Loja Norte,Norte,Mouse,Acessórios,6.0,69.28
2024-09-08,Loja Sul,Sul,Mesa de Escritório,Móveis,8.0,642.48
2024-09-11,Loja Shopping,Sudeste,Webcam,Acessórios,10.0,187.05
2024-09-12,Loja Centro,Sudeste,Webcam,Acessórios,8.0,200.17
2024-09-12,Loja Sul,Sul,Mesa de Escritório,Móveis,6.0,578.3
2024-09-13,Loja Centro,Sudeste,Tablet,Eletrônicos,5.0,1546.66
2024-09-13,Loja Centro,Sudeste,Mouse,Acessórios,3.0,72.95
2024-09-13,Loja Shopping,Sudeste,Notebook,Eletrônicos,6.0,3356.79
2024-09-14,Loja Centro,Sudeste,Monitor,Eletrônicos,4.0,971.01
2024-09-15,Loja Centro,Sudeste,Webcam,Acessórios,3.0,187.7
2024-09-19,Loja Sul,Sul,Notebook,Eletrônicos,1.0,3099.34
2024-09-19,Loja Nordeste,Nordeste,Tablet,Eletrônicos,4.0,1489.4
2024-09-19,Loja Norte,Norte,Monitor,Eletrônicos,7.0,958.79
2024-09-20,Loja Centro,Sudeste,Mesa de Escritório,Móveis,8.0,640.16
2024-09-20,Loja Centro,Sudeste,Smartphone,Eletrônicos,2.0,1655.7
2024-09-21,Loja Shopping,Sudeste,Teclado,Acessórios,4.0,126.06
2024-09-21,Loja Norte,Norte,Fone de Ouvido,Acessórios,8.0,140.16
2024-09-23,Loja Sul,Sul,Notebook,Eletrônicos,5.0,2896.98
2024-09-24,Loja Shopping,Sudeste,Teclado,Acessórios,3.0,121.5
2024-09-26,Loja Nordeste,Nordeste,Monitor,Eletrônicos,10.0,927.3
2024-09-26,Loja Centro,Sudeste,Monitor,Eletrônicos,9.0,858.73
2024-09-26,Loja Centro,Sudeste,Teclado,Acessórios,7.0,119.35
2024-09-29,Loja Sul,Sul,Tablet,Eletrônicos,7.0,1533.02
2024-09-29,Loja Centro,Sudeste,Monitor,Eletrônicos,9.0,907.57
2024-09-30,Loja Norte,Norte,Mesa de Escritório,Móveis,4.0,644.57
2024-09-30,Loja Shopping,Sudeste,Webcam,Acessórios,2.0,186.54
2024-09-30,Loja Nordeste,Nordeste,Mesa de Escritório,Móveis,6.0,652.3
2024-10-04,Loja Sul,Sul,Mesa de Escritório,Móveis,1.0,620.1
2024-10-04,Loja Sul,Sul,Monitor,Eletrônicos,1.0,932.31
2024-10-04,Loja Nordeste,Nordeste,Tablet,Eletrônicos,5.0,1533.15
2024-10-05,Loja Norte,Norte,Fone de Ouvido,Acessórios,2.0,155.04
2024-10-05,Loja Sul,Sul,Webcam,Acessórios,7.0,218.0
2024-10-06,Loja Norte,Norte,Notebook,Eletrônicos,,3319.14
2024-10-06,Loja Shopping,Sudeste,Mouse,Acessórios,1.0,71.42
2024-10-08,Loja Norte,Norte,Smartphone,Eletrônicos,10.0,1793.02
2024-10-08,Loja Sul,Sul,Teclado,Acessórios,6.0,128.45
2024-10-09,Loja Norte,Norte,Tablet,Eletrônicos,2.0,1453.24
2024-10-09,Loja Shopping,Sudeste,Teclado,Acessórios,4.0,114.18
2024-10-10,Loja Nordeste,Nordeste,Teclado,Acessórios,8.0,
2024-10-11,Loja Shopping,Sudeste,Tablet,Eletrônicos,9.0,1424.0
2024-10-12,Loja Nordeste,Nordeste,Fone de Ouvido,Acessórios,10.0,147.56
2024-10-12,Loja Shopping,Sudeste,Mouse,Acessórios,5.0,68.92
2024-10-12,Loja Shopping,Sudeste,Fone de Ouvido,Acessórios,10.0,138.47
2024-10-13,Loja Shopping,Sudeste,Teclado,Acessórios,6.0,123.84
2024-10-13,Loja Norte,Norte,Mouse,Acessórios,6.0,73.84
2024-10-13,Loja Norte,Norte,Mouse,Acessórios,9.0,64.45
2024-10-14,Loja Sul,Sul,Smartphone,Eletrônicos,2.0,1683.8
2024-10-15,Loja Shopping,Sudeste,Cadeira Gamer,Móveis,9.0,896.64
2024-10-15,Loja Centro,Sudeste,Mesa de Escritório,Móveis,6.0,646.6
2024-10-15,Loja Centro,Sudeste,Fone de Ouvido,Acessórios,7.0,151.84
2024-10-17,Loja Centro,Sudeste,Monitor,Eletrônicos,9.0,985.8
2024-10-17,Loja Norte,Norte,Mesa de Escritório,Móveis,8.0,545.3
2024-10-18,Loja Sul,Sul,Cadeira Gamer,Móveis,10.0,788.52
2024-10-18,Loja Centro,Sudeste,Mouse,Acessórios,8.0,75.25
2024-10-21,Loja Norte,Norte,Cadeira Gamer,Móveis,7.0,900.58
2024-10-21,Loja Centro,Sudeste,Webcam,Acessórios,9.0,205.79
2024-10-22,Loja Centro,Sudeste,Cadeira Gamer,Móveis,2.0,844.89
2024-10-22,Loja Sul,Sul,Fone de Ouvido,Acessórios,2.0,148.85
2024-10-22,Loja Centro,Sudeste,Notebook,Eletrônicos,2.0,3427.61
2024-10-24,Loja Shopping,Sudeste,Notebook,Eletrônicos,10.0,3430.91
2024-10-27,Loja Norte,Norte,Mesa de Escritório,Móveis,9.0,598.95
2024-10-28,Loja Norte,Norte,Tablet,Eletrônicos,6.0,1459.9
2024-10-29,Loja Sul,Sul,Smartphone,Eletrônicos,7.0,1766.94
2024-10-29,Loja Nordeste,Nordeste,Fone de Ouvido,Acessórios,6.0,151.88
2024-10-30,Loja Norte,Norte,Smartphone,Eletrônicos,10.0,1967.55
2024-10-31,Loja Centro,Sudeste,Webcam,Acessórios,8.0,213.73
2024-10-31,Loja Shopping,Sudeste,Notebook,Eletrônicos,3.0,3073.13
2024-10-31,Loja Sul,Sul,Mesa de Escritório,Móveis,3.0,540.9
2024-10-31,Loja Centro,Sudeste,Cadeira Gamer,Móveis,1.0,842.6
2024-11-03,Loja Nordeste,Nordeste,Webcam,Acessórios,2.0,181.61
2024-11-04,Loja Nordeste,Nordeste,Teclado,Acessórios,7.0,114.94
2024-11-05,Loja Centro,Sudeste,Fone de Ouvido,Acessórios,9.0,155.05
2024-11-07,Loja Shopping,Sudeste,Monitor,Eletrônicos,6.0,827.04
2024-11-08,Loja Sul,Sul,Webcam,Acessórios,6.0,196.94
2024-11-08,Loja Sul,Sul,Tablet,Eletrônicos,10.0,1446.46
2024-11-09,Loja Sul,Sul,Smartphone,Eletrônicos,10.0,1830.88
2024-11-09,Loja Norte,Norte,Notebook,Eletrônicos,10.0,2972.1
2024-11-10,Loja Centro,Sudeste,Tablet,Eletrônicos,9.0,1467.88
2024-11-10,Loja Shopping,Sudeste,Notebook,Eletrônicos,2.0,3099.11
2024-11-16,Loja Centro,Sudeste,Smartphone,Eletrônicos,1.0,1676.07
2024-11-20,Loja Nordeste,Nordeste,Cadeira Gamer,Móveis,5.0,836.28
2024-11-20,Loja Sul,Sul,Smartphone,Eletrônicos,6.0,1970.79
2024-11-22,Loja Centro,Sudeste,Fone de Ouvido,Acessórios,10.0,146.3
2024-11-22,Loja Centro,Sudeste,Webcam,Acessórios,3.0,216.12
2024-11-22,Loja Shopping,Sudeste,Teclado,Acessórios,7.0,126.68
2024-11-22,Loja Shopping,Sudeste,Mesa de Escritório,Móveis,6.0,595.64
2024-11-23,Loja Shopping,Sudeste,Mouse,Acessórios,3.0,66.6
2024-11-23,Loja Norte,Norte,Tablet,Eletrônicos,9.0,1362.03
2024-11-24,Loja Sul,Sul,Tablet,Eletrônicos,2.0,1525.79
2024-11-25,Loja Shopping,Sudeste,Monitor,Eletrônicos,4.0,849.45
2024-11-26,Loja Nordeste,Nordeste,Teclado,Acessórios,3.0,109.59
2024-11-27,Loja Shopping,Sudeste,Notebook,Eletrônicos,8.0,3135.79
2024-11-27,Loja Centro,Sudeste,Fone de Ouvido,Acessórios,4.0,164.46
2024-11-28,Loja Nordeste,Nordeste,Fone de Ouvido,Acessórios,5.0,151.53
2024-12-01,Loja Norte,Norte,Teclado,Acessórios,7.0,110.31
2024-12-01,Loja Norte,Norte,Smartphone,Eletrônicos,5.0,1903.19
2024-12-03,Loja Centro,Sudeste,Fone de Ouvido,Acessórios,7.0,163.59
2024-12-04,Loja Shopping,Sudeste,Notebook,Eletrônicos,4.0,3487.13
2024-12-05,Loja Nordeste,Nordeste,Cadeira Gamer,Móveis,1.0,855.34
2024-12-08,Loja Centro,Sudeste,Webcam,Acessórios,10.0,194.8
2024-12-08,Loja Norte,Norte,Fone de Ouvido,Acessórios,7.0,136.08
2024-12-09,Loja Centro,Sudeste,Teclado,Acessórios,5.0,125.84
2024-12-09,Loja Shopping,Sudeste,Webcam,Acessórios,2.0,217.31
2024-12-09,Loja Norte,Norte,Tablet,Eletrônicos,1.0,1575.45
2024-12-10,Loja Centro,Sudeste,Mesa de Escritório,Móveis,10.0,569.3
2024-12-12,Loja Centro,Sudeste,Monitor,Eletrônicos,,906.23
2024-12-14,Loja Sul,Sul,Cadeira Gamer,Móveis,3.0,828.66
2024-12-15,Loja Norte,Norte,Notebook,Eletrônicos,9.0,3234.82
2024-12-16,Loja Centro,Sudeste,Fone de Ouvido,Acessórios,10.0,152.54
2024-12-17,Loja Centro,Sudeste,Fone de Ouvido,Acessórios,5.0,161.19
2024-12-18,Loja Shopping,Sudeste,Fone de Ouvido,Acessórios,,157.04
2024-12-18,Loja Norte,Norte,Smartphone,Eletrônicos,4.0,1687.54
2024-12-20,Loja Centro,Sudeste,Webcam,Acessórios,6.0,205.02
2024-12-20,Loja Centro,Sudeste,Teclado,Acessórios,10.0,128.98
2024-12-20,Loja Sul,Sul,Webcam,Acessórios,5.0,199.45
2024-12-21,Loja Nordeste,Nordeste,Tablet,Eletrônicos,3.0,1447.96
2024-12-22,Loja Centro,Sudeste,Cadeira Gamer,Móveis,4.0,821.22
2024-12-23,Loja Norte,Norte,Mesa de Escritório,Móveis,2.0,611.96
2024-12-25,Loja Centro,Sudeste,Monitor,Eletrônicos,5.0,873.6
2024-12-28,Loja Norte,Norte,Webcam,Acessórios,9.0,203.07
2024-12-28,Loja Shopping,Sudeste,Cadeira Gamer,Móveis,2.0,837.25
2024-12-29,Loja Sul,Sul,Smartphone,Eletrônicos,3.0,1770.0
2024-12-29,Loja Centro,Sudeste,Smartphone,Eletrônicos,5.0,1628.63
2024-12-30,Loja Nordeste,Nordeste,Notebook,Eletrônicos,4.0,
